Timestamp,Liquid_Level(L),Flow_Rate(L/min),Pressure(bar),Temperature(C),Motor_Current(A),Vibration(mm/s),Anomaly_Type
2025-07-25 00:00:00,7509.9,13.87,2.85,25.3,3.09,0.82,Normal
2025-07-25 01:00:00,7497.2,13.96,2.77,24.9,3.0,1.1,Normal
2025-07-25 02:00:00,7513.0,13.9,2.87,25.5,3.13,0.84,Normal
2025-07-25 03:00:00,7530.5,13.77,2.81,25.5,3.04,0.77,Normal
2025-07-25 04:00:00,7495.3,14.22,2.9,26.0,3.1,0.89,Normal
2025-07-25 05:00:00,7495.3,13.78,2.77,25.7,3.11,0.85,Normal
2025-07-25 06:00:00,7531.6,14.34,2.89,25.2,3.17,0.84,Normal
2025-07-25 07:00:00,7515.3,14.17,2.81,26.1,3.03,0.86,Normal
2025-07-25 08:00:00,7490.6,14.08,2.77,25.9,2.95,1.01,Normal
2025-07-25 09:00:00,7510.9,13.75,2.78,25.7,3.11,0.69,Normal
2025-07-25 10:00:00,7490.7,13.91,2.78,25.4,3.19,0.85,Normal
2025-07-25 11:00:00,7490.7,14.58,2.82,25.2,3.16,0.71,Normal
2025-07-25 12:00:00,7504.8,14.45,2.83,25.4,3.11,0.86,Normal
2025-07-25 13:00:00,7461.7,13.71,2.77,25.8,3.08,0.71,Normal
2025-07-25 14:00:00,7465.5,14.25,2.8,26.1,3.14,0.76,Normal
2025-07-25 15:00:00,7488.8,14.58,2.91,26.0,3.05,0.77,Normal
2025-07-25 16:00:00,7479.7,13.37,2.89,25.4,3.12,0.9,Normal
2025-07-25 17:00:00,7506.3,14.47,2.82,25.2,3.13,0.89,Normal
2025-07-25 18:00:00,7481.8,13.87,2.8,25.5,3.15,0.68,Normal
2025-07-25 19:00:00,7471.8,14.49,2.81,25.0,3.24,0.81,Normal
2025-07-25 20:00:00,7529.3,13.82,2.83,25.6,3.12,0.73,Normal
2025-07-25 21:00:00,7495.5,13.3,2.75,25.5,3.07,0.67,Normal
2025-07-25 22:00:00,7501.4,13.39,2.79,25.4,3.1,0.78,Normal
2025-07-25 23:00:00,7471.5,14.22,2.72,25.0,3.01,0.77,Normal
2025-07-26 00:00:00,7489.1,14.33,2.82,25.7,3.07,1.04,Normal
2025-07-26 01:00:00,7502.2,13.75,2.83,25.3,3.08,0.84,Normal
2025-07-26 02:00:00,7477.0,14.52,2.78,25.1,3.07,0.66,Normal
2025-07-26 03:00:00,7507.5,13.37,2.88,24.6,3.11,0.74,Normal
2025-07-26 04:00:00,7488.0,14.17,2.74,25.5,3.06,0.9,Normal
2025-07-26 05:00:00,7494.2,13.59,2.73,26.0,3.16,1.01,Normal
2025-07-26 06:00:00,7488.0,13.87,2.81,26.0,3.1,0.64,Normal
2025-07-26 07:00:00,7537.0,14.22,2.85,25.4,3.1,0.61,Normal
2025-07-26 08:00:00,7499.7,13.77,2.88,25.3,3.08,0.99,Normal
2025-07-26 09:00:00,7478.8,14.01,2.78,25.6,3.11,0.84,Normal
2025-07-26 10:00:00,7516.5,14.7,2.85,25.2,3.14,0.71,Normal
2025-07-26 11:00:00,7475.6,13.91,2.8,25.6,3.06,0.85,Normal
2025-07-26 12:00:00,7504.2,14.62,2.79,25.7,3.07,0.54,Pressu
2025-07-26 13:00:00,7460.8,13.64,2.84,25.9,3.08,0.8,Normal
2025-07-26 14:00:00,7473.4,14.46,2.83,25.5,3.03,0.83,Normal
2025-07-26 15:00:00,7503.9,14.92,2.72,25.4,3.06,0.89,Normal
2025-07-26 16:00:00,7514.8,12.96,2.87,25.2,3.08,0.7,Normal
2025-07-26 17:00:00,7503.4,13.8,2.87,25.3,3.14,0.81,Normal
2025-07-26 18:00:00,7497.7,14.49,2.77,25.4,3.11,0.71,Normal
2025-07-26 19:00:00,7494.0,14.1,2.82,25.6,3.11,0.83,Normal
2025-07-26 20:00:00,7470.4,14.39,2.82,25.8,3.14,0.71,Normal
2025-07-26 21:00:00,7485.6,13.9,2.81,25.3,3.09,0.76,Normal
2025-07-26 22:00:00,7490.8,14.24,2.77,25.9,3.12,0.7,Normal
2025-07-26 23:00:00,7521.1,14.12,2.77,25.4,3.09,0.87,Normal
2025-07-27 00:00:00,7506.9,14.78,2.8,25.5,3.11,0.89,Normal
2025-07-27 01:00:00,7464.7,14.33,2.86,25.3,3.07,0.78,Normal
2025-07-27 02:00:00,7506.5,14.37,2.83,24.8,2.98,0.8,Normal
2025-07-27 03:00:00,7492.3,13.99,2.78,25.8,3.09,0.66,Normal
2025-07-27 04:00:00,7486.5,13.96,2.84,25.7,3.17,0.77,Pressu
2025-07-27 05:00:00,7512.2,13.98,2.66,25.4,3.15,0.79,Normal
2025-07-27 06:00:00,7520.6,14.4,2.86,25.5,3.15,1.06,Normal
2025-07-27 07:00:00,7518.6,13.99,2.71,25.7,3.16,0.69,Normal
2025-07-27 08:00:00,7483.2,14.34,2.78,25.0,3.1,0.95,Normal
2025-07-27 09:00:00,7493.8,15.24,2.74,25.3,3.11,0.9,Normal
2025-07-27 10:00:00,7506.6,14.64,2.74,25.7,3.07,0.83,Normal
2025-07-27 11:00:00,7519.5,14.04,2.86,25.1,3.08,0.98,Normal
2025-07-27 12:00:00,7490.4,14.8,2.78,25.6,3.13,0.84,Normal
2025-07-27 13:00:00,7496.3,14.0,2.82,25.1,3.16,0.84,Overhe
2025-07-27 14:00:00,7477.9,13.18,2.8,25.6,3.09,0.79,Normal
2025-07-27 15:00:00,7476.1,13.7,2.82,25.5,3.08,0.92,Normal
2025-07-27 16:00:00,7516.3,13.26,2.8,25.0,3.1,0.91,Normal
2025-07-27 17:00:00,7527.1,14.02,2.74,25.8,3.13,0.74,Normal
2025-07-27 18:00:00,7498.6,14.21,2.85,25.3,3.03,0.67,Normal
2025-07-27 19:00:00,7520.1,15.04,2.78,25.3,2.99,0.78,Normal
2025-07-27 20:00:00,7507.2,14.36,2.72,25.6,3.07,0.72,Normal
2025-07-27 21:00:00,7487.1,14.09,2.78,25.8,3.04,0.79,Normal
2025-07-27 22:00:00,7507.2,14.61,2.88,25.2,3.07,0.92,Normal
2025-07-27 23:00:00,7530.8,13.09,2.84,25.5,3.09,0.75,Normal
2025-07-28 00:00:00,7499.3,14.32,2.78,25.6,3.08,0.8,Normal
2025-07-28 01:00:00,7531.3,14.59,2.78,25.7,3.17,0.81,Normal
2025-07-28 02:00:00,7447.6,13.46,2.78,25.6,3.12,0.88,Normal
2025-07-28 03:00:00,7516.4,14.77,2.9,25.4,3.12,0.58,Normal
2025-07-28 04:00:00,7501.7,14.37,2.82,25.3,3.13,0.74,Normal
2025-07-28 05:00:00,7494.0,13.99,2.82,25.5,3.04,0.82,Normal
2025-07-28 06:00:00,7501.8,14.52,2.85,25.2,3.15,0.92,Normal
2025-07-28 07:00:00,7460.2,15.34,2.81,24.6,3.1,0.75,Normal
2025-07-28 08:00:00,7495.6,14.29,2.79,25.6,3.13,0.61,Normal
2025-07-28 09:00:00,7507.1,14.32,2.79,25.8,3.05,0.86,Normal
2025-07-28 10:00:00,7529.6,13.97,2.8,24.8,3.02,0.74,Normal
2025-07-28 11:00:00,7489.6,13.78,2.8,25.2,3.14,0.68,Normal
2025-07-28 12:00:00,7483.8,14.62,2.84,25.7,3.12,0.74,Normal
2025-07-28 13:00:00,7490.0,13.77,2.8,26.1,3.05,0.78,Normal
2025-07-28 14:00:00,7518.3,14.24,2.84,25.5,3.06,0.74,Normal
2025-07-28 15:00:00,7506.6,13.96,2.8,25.3,3.16,0.58,Normal
2025-07-28 16:00:00,7489.4,14.44,2.8,25.4,3.04,0.89,Normal
2025-07-28 17:00:00,7510.3,14.37,2.7,25.9,3.18,0.93,Normal
2025-07-28 18:00:00,7501.9,14.72,2.85,25.3,3.05,0.87,Normal
2025-07-28 19:00:00,7519.4,13.94,2.82,25.3,3.13,0.69,Normal
2025-07-28 20:00:00,7486.0,14.07,2.85,25.4,3.08,0.78,Normal
2025-07-28 21:00:00,7493.4,13.71,2.66,25.2,3.13,0.8,Normal
2025-07-28 22:00:00,7492.2,13.98,2.9,25.5,3.07,0.86,Normal
2025-07-28 23:00:00,7470.7,14.39,2.79,26.0,3.09,0.87,Normal
2025-07-29 00:00:00,7505.9,14.58,2.86,25.6,3.1,0.73,Normal
2025-07-29 01:00:00,7505.2,13.74,2.75,25.4,3.05,0.81,Normal
2025-07-29 02:00:00,7500.1,14.63,2.83,25.4,3.14,0.85,Normal
2025-07-29 03:00:00,7495.3,14.88,2.75,25.0,3.07,0.95,Normal
2025-07-29 04:00:00,7471.7,14.41,2.77,25.8,3.09,0.87,Normal
2025-07-29 05:00:00,7491.6,15.14,2.9,25.5,3.05,0.88,Normal
2025-07-29 06:00:00,7493.1,13.81,2.79,25.4,2.97,0.81,Normal
2025-07-29 07:00:00,7484.0,13.58,2.81,26.5,3.09,0.94,Normal
2025-07-29 08:00:00,7496.8,13.31,2.84,25.6,3.22,0.84,Normal
2025-07-29 09:00:00,7508.1,14.95,2.82,25.3,3.14,0.71,Normal
2025-07-29 10:00:00,7537.7,14.53,2.81,25.4,3.1,0.94,Normal
2025-07-29 11:00:00,7503.5,14.17,2.82,25.8,3.09,0.87,Normal
2025-07-29 12:00:00,7505.2,14.34,2.92,25.5,3.1,0.76,Normal
2025-07-29 13:00:00,7498.5,13.64,2.8,25.1,3.13,0.75,Normal
2025-07-29 14:00:00,7461.6,15.42,2.81,25.8,3.04,0.83,Normal
2025-07-29 15:00:00,7499.5,14.26,2.85,25.3,3.16,0.85,Normal
2025-07-29 16:00:00,7501.2,14.25,2.86,26.1,3.14,0.82,Normal
2025-07-29 17:00:00,7549.3,14.56,2.86,25.8,3.14,0.83,Normal
2025-07-29 18:00:00,7496.2,14.44,2.83,25.4,3.12,0.97,Normal
2025-07-29 19:00:00,7506.0,14.31,2.74,25.9,3.1,0.91,Normal
2025-07-29 20:00:00,7499.3,13.8,2.88,25.5,3.13,0.82,Normal
2025-07-29 21:00:00,7476.6,14.44,2.74,25.8,3.13,0.89,Normal
2025-07-29 22:00:00,7522.9,15.14,2.82,25.6,3.08,0.7,Normal
2025-07-29 23:00:00,7515.0,14.87,2.76,25.2,3.07,0.84,Normal
2025-07-30 00:00:00,7515.8,15.0,2.8,25.3,3.11,0.98,Normal
2025-07-30 01:00:00,7481.8,13.94,2.82,25.8,3.18,0.78,Normal
2025-07-30 02:00:00,7528.1,13.71,2.82,25.4,3.04,0.72,Normal
2025-07-30 03:00:00,7472.0,14.14,2.82,25.4,3.03,0.73,Normal
2025-07-30 04:00:00,7511.7,14.23,2.88,25.2,3.11,0.69,Normal
2025-07-30 05:00:00,7543.8,14.75,2.82,25.6,3.1,0.72,Normal
2025-07-30 06:00:00,7480.2,13.35,2.79,26.1,3.11,0.76,Normal
2025-07-30 07:00:00,7488.7,14.96,2.85,25.2,3.11,0.66,Normal
2025-07-30 08:00:00,7502.0,14.12,2.86,25.5,3.09,0.8,Normal
2025-07-30 09:00:00,7489.9,13.99,2.74,25.9,3.17,0.89,Normal
2025-07-30 10:00:00,7469.0,13.69,2.83,25.5,3.02,0.71,Normal
2025-07-30 11:00:00,7501.4,13.37,2.84,25.6,3.06,0.95,Normal
2025-07-30 12:00:00,7478.8,14.61,2.79,25.2,3.09,0.85,Normal
2025-07-30 13:00:00,7509.5,14.24,2.87,25.6,3.02,0.9,Normal
2025-07-30 14:00:00,7481.6,13.56,2.79,25.4,3.09,0.73,Normal
2025-07-30 15:00:00,7531.0,13.55,2.81,25.8,3.18,0.89,Normal
2025-07-30 16:00:00,7484.3,14.03,2.79,25.9,3.1,0.69,Normal
2025-07-30 17:00:00,7493.6,15.03,2.8,26.3,3.11,0.89,Normal
2025-07-30 18:00:00,7516.3,14.07,2.75,25.7,3.04,0.82,Normal
2025-07-30 19:00:00,7475.4,13.45,2.73,25.6,3.07,0.86,Normal
2025-07-30 20:00:00,7504.5,14.08,2.88,25.6,3.08,0.68,Normal
2025-07-30 21:00:00,7526.1,14.06,2.76,25.4,3.08,0.71,Normal
2025-07-30 22:00:00,7467.9,12.85,2.75,25.6,3.16,0.86,Normal
2025-07-30 23:00:00,7503.7,14.17,2.69,25.4,3.13,0.71,Normal
2025-07-31 00:00:00,7505.2,14.08,2.77,25.6,3.04,0.85,Normal
2025-07-31 01:00:00,7515.6,14.55,2.73,25.9,3.11,0.66,Normal
2025-07-31 02:00:00,7475.3,15.12,2.88,25.2,3.12,0.88,Normal
2025-07-31 03:00:00,7473.6,14.76,2.85,25.8,3.16,0.68,Normal
2025-07-31 04:00:00,7510.4,14.07,2.77,25.9,3.18,0.86,Normal
2025-07-31 05:00:00,7505.9,13.65,2.91,25.5,3.05,0.86,Normal
2025-07-31 06:00:00,7505.0,15.49,2.85,24.9,3.06,0.73,Normal
2025-07-31 07:00:00,7506.9,14.23,2.78,25.3,3.04,0.86,Normal
2025-07-31 08:00:00,7486.4,14.21,2.68,25.9,3.09,0.83,Normal
2025-07-31 09:00:00,7504.6,14.19,2.91,25.5,3.12,0.75,Normal
2025-07-31 10:00:00,7505.9,14.3,2.73,25.2,3.15,0.7,Normal
2025-07-31 11:00:00,7485.7,14.13,2.72,25.3,3.1,0.6,Normal
2025-07-31 12:00:00,7537.3,13.91,2.85,25.8,3.08,0.83,Normal
2025-07-31 13:00:00,7509.5,13.93,2.92,25.7,3.11,0.64,Normal
2025-07-31 14:00:00,7476.2,14.18,2.87,25.4,3.06,0.81,Normal
2025-07-31 15:00:00,7513.1,13.93,2.83,25.4,3.2,0.77,Normal
2025-07-31 16:00:00,7480.5,13.84,2.83,25.4,3.02,0.87,Normal
2025-07-31 17:00:00,7515.7,14.25,2.84,25.2,3.11,0.77,Normal
2025-07-31 18:00:00,7523.2,14.07,2.84,26.0,3.2,0.77,Normal
2025-07-31 19:00:00,7483.6,14.95,2.81,25.4,3.1,0.87,Normal
2025-07-31 20:00:00,7519.3,12.87,2.81,25.9,3.09,0.83,Normal
2025-07-31 21:00:00,7508.3,14.75,2.8,26.0,3.08,0.83,Leak
2025-07-31 22:00:00,7516.4,14.82,2.76,25.8,3.09,0.85,Normal
2025-07-31 23:00:00,7537.9,13.16,2.79,25.4,3.17,0.65,Normal
2025-08-01 00:00:00,7495.1,14.03,2.72,25.6,2.99,0.88,Normal
2025-08-01 01:00:00,7484.9,14.01,2.8,25.5,3.18,0.86,Normal
2025-08-01 02:00:00,7482.2,13.5,2.75,25.2,3.03,0.7,Normal
2025-08-01 03:00:00,7483.7,13.81,2.74,25.6,3.09,0.78,Normal
2025-08-01 04:00:00,7498.5,13.64,2.81,25.1,3.08,0.8,Normal
2025-08-01 05:00:00,7506.8,15.08,2.87,25.9,3.13,0.79,Normal
2025-08-01 06:00:00,7505.5,14.67,2.85,25.4,3.02,0.83,Normal
2025-08-01 07:00:00,7516.5,14.84,2.72,25.6,3.12,0.94,Normal
2025-08-01 08:00:00,7500.3,14.56,2.75,25.6,3.2,0.91,Normal
2025-08-01 09:00:00,7529.1,13.64,2.85,25.4,3.03,0.67,Normal
2025-08-01 10:00:00,7494.7,13.94,2.75,25.7,3.11,0.86,Normal
2025-08-01 11:00:00,7554.4,14.44,2.79,25.4,3.07,0.93,Normal
2025-08-01 12:00:00,7512.5,13.59,2.83,25.8,3.12,0.84,Normal
2025-08-01 13:00:00,7482.9,14.56,2.75,25.1,3.1,0.91,Normal
2025-08-01 14:00:00,7478.6,14.08,2.81,25.5,3.07,1.0,Normal
2025-08-01 15:00:00,7509.6,14.01,2.73,26.1,3.12,0.9,Normal
2025-08-01 16:00:00,7495.5,14.56,2.77,25.2,3.19,0.82,Normal
2025-08-01 17:00:00,7514.3,14.42,2.82,25.3,3.09,0.9,Normal
2025-08-01 18:00:00,7509.5,14.02,2.72,25.7,3.14,0.81,Normal
2025-08-01 19:00:00,7498.5,14.78,2.82,25.6,3.04,0.8,Normal
2025-08-01 20:00:00,7483.1,13.66,2.8,25.6,3.05,0.76,Normal
2025-08-01 21:00:00,7469.7,14.51,2.83,25.6,3.12,0.96,Normal
2025-08-01 22:00:00,7491.1,14.5,2.81,25.7,3.17,0.72,Normal
2025-08-01 23:00:00,7517.1,14.05,2.87,25.8,3.12,0.95,Normal
2025-08-02 00:00:00,7504.3,14.36,2.81,25.6,3.08,0.85,Normal
2025-08-02 01:00:00,7475.1,13.57,2.78,25.4,3.1,0.66,Normal
2025-08-02 02:00:00,7503.5,14.66,2.81,25.7,3.04,0.84,Normal
2025-08-02 03:00:00,7507.7,14.11,2.83,26.1,3.13,0.59,Normal
2025-08-02 04:00:00,7482.3,13.94,2.8,25.5,3.14,0.86,Normal
2025-08-02 05:00:00,7503.1,14.72,2.8,25.2,3.08,0.89,Normal
2025-08-02 06:00:00,7501.2,13.85,2.76,25.8,3.08,0.74,Normal
2025-08-02 07:00:00,7477.1,13.5,2.77,25.5,3.11,0.81,Normal
2025-08-02 08:00:00,7507.2,13.42,2.73,24.8,3.08,1.0,Normal
2025-08-02 09:00:00,7511.2,14.5,2.89,25.8,3.1,0.75,Normal
2025-08-02 10:00:00,7521.7,13.56,2.74,25.3,3.2,0.69,Normal
2025-08-02 11:00:00,7521.1,15.08,2.77,25.5,3.09,0.95,Normal
2025-08-02 12:00:00,7472.4,13.16,2.76,25.6,3.08,1.0,Pressu
2025-08-02 13:00:00,7481.2,15.05,2.84,25.6,3.07,0.8,Normal
2025-08-02 14:00:00,7510.3,14.31,2.79,25.7,3.14,0.9,Normal
2025-08-02 15:00:00,7510.3,14.15,2.86,25.4,3.09,0.93,Normal
2025-08-02 16:00:00,7510.3,13.93,2.77,25.7,3.07,0.73,Normal
2025-08-02 17:00:00,7577.1,14.4,2.81,25.4,3.17,0.75,Leak
2025-08-02 18:00:00,7511.4,14.18,2.76,25.7,3.17,0.92,Normal
2025-08-02 19:00:00,7522.7,14.75,2.91,25.7,3.07,0.97,Normal
2025-08-02 20:00:00,7519.1,14.26,2.74,25.2,3.01,0.86,Normal
2025-08-02 21:00:00,7513.0,14.28,2.82,25.8,3.15,0.71,Normal
2025-08-02 22:00:00,7493.7,14.02,2.83,25.3,3.07,1.0,Normal
2025-08-02 23:00:00,7515.2,14.17,2.82,25.7,3.14,0.75,Normal
2025-08-03 00:00:00,7484.5,14.35,2.79,25.6,3.0,0.77,Normal
2025-08-03 01:00:00,7495.3,13.34,2.79,26.1,3.14,0.83,Normal
2025-08-03 02:00:00,7490.3,13.53,2.8,25.4,3.04,0.96,Normal
2025-08-03 03:00:00,7501.6,14.57,2.79,25.4,3.14,0.89,Normal
2025-08-03 04:00:00,7546.3,14.29,2.85,25.5,3.1,0.84,Normal
2025-08-03 05:00:00,7462.7,14.11,2.91,25.4,3.05,0.85,Normal
2025-08-03 06:00:00,7513.7,14.21,2.77,25.7,3.08,0.8,Normal
2025-08-03 07:00:00,7467.7,14.37,2.73,25.0,3.13,0.86,Normal
2025-08-03 08:00:00,7490.6,13.93,2.8,25.2,3.11,0.55,Normal
2025-08-03 09:00:00,7521.8,13.81,2.93,25.2,3.13,0.77,Normal
2025-08-03 10:00:00,7501.3,14.3,2.76,25.8,3.2,0.82,Normal
2025-08-03 11:00:00,7478.4,13.71,2.88,26.0,3.02,0.68,Normal
2025-08-03 12:00:00,7485.7,14.4,2.88,25.5,3.18,0.84,Normal
2025-08-03 13:00:00,7513.6,13.35,2.77,25.4,3.11,0.78,Normal
2025-08-03 14:00:00,7485.4,14.71,2.83,25.5,3.06,0.98,Normal
2025-08-03 15:00:00,7504.3,14.44,2.88,25.8,3.03,0.96,Normal
2025-08-03 16:00:00,7500.9,14.33,2.78,25.2,3.09,0.75,Normal
2025-08-03 17:00:00,7487.0,14.69,2.79,25.6,3.15,0.78,Normal
2025-08-03 18:00:00,7542.9,15.03,2.77,25.8,3.09,0.79,Normal
2025-08-03 19:00:00,7512.7,14.71,2.75,25.7,3.18,0.75,Normal
2025-08-03 20:00:00,7459.5,13.28,2.77,25.6,3.03,0.82,Normal
2025-08-03 21:00:00,7503.7,13.56,2.74,25.8,3.1,0.72,Normal
2025-08-03 22:00:00,7486.8,13.89,2.8,24.7,3.04,0.69,Normal
2025-08-03 23:00:00,7517.0,14.21,2.76,25.7,3.12,0.86,Normal
2025-08-04 00:00:00,7484.1,14.46,2.81,25.3,3.14,0.86,Normal
2025-08-04 01:00:00,7497.7,13.84,2.72,25.0,3.08,0.72,Normal
2025-08-04 02:00:00,7510.1,14.29,2.82,25.7,2.97,0.89,Normal
2025-08-04 03:00:00,7517.3,13.82,2.84,25.9,3.11,0.74,Normal
2025-08-04 04:00:00,7476.0,13.89,2.7,25.5,3.12,0.83,Normal
2025-08-04 05:00:00,7493.3,13.5,2.82,25.8,3.12,0.88,Normal
2025-08-04 06:00:00,7490.5,13.74,2.86,26.0,3.16,0.8,Normal
2025-08-04 07:00:00,7486.9,13.52,2.74,25.9,3.05,0.85,Normal
2025-08-04 08:00:00,7535.3,13.71,2.88,26.0,3.13,0.75,Normal
2025-08-04 09:00:00,7508.1,14.73,2.82,25.7,3.16,0.78,Normal
2025-08-04 10:00:00,7474.8,13.73,2.76,25.5,3.01,0.78,Normal
2025-08-04 11:00:00,7518.4,15.52,2.8,25.0,3.12,0.73,Normal
2025-08-04 12:00:00,7542.4,14.45,2.83,25.4,3.07,0.78,Normal
2025-08-04 13:00:00,7520.6,14.29,2.8,25.2,3.1,0.65,Normal
2025-08-04 14:00:00,7469.6,13.77,2.83,26.2,3.12,0.75,Normal
2025-08-04 15:00:00,7490.3,14.55,2.75,25.4,3.08,0.77,Normal
2025-08-04 16:00:00,7525.3,13.91,2.81,25.5,3.07,0.77,Normal
2025-08-04 17:00:00,7485.8,14.26,2.73,25.7,3.1,0.78,Normal
2025-08-04 18:00:00,7508.9,15.48,2.79,25.5,3.05,0.79,Normal
2025-08-04 19:00:00,7515.5,14.15,2.75,26.0,3.05,0.85,Normal
2025-08-04 20:00:00,7481.5,14.77,2.76,25.3,3.13,0.89,Normal
2025-08-04 21:00:00,7498.8,13.85,2.86,25.6,3.04,0.74,Normal
2025-08-04 22:00:00,7435.2,14.18,2.85,25.3,3.13,0.68,Normal
2025-08-04 23:00:00,7479.5,15.09,2.83,25.1,3.12,0.7,Normal
2025-08-05 00:00:00,7494.9,13.89,2.75,25.3,3.01,0.75,Normal
2025-08-05 01:00:00,7475.0,15.11,2.78,25.5,3.07,0.76,Normal
2025-08-05 02:00:00,7532.6,14.55,2.86,25.4,3.16,0.72,Normal
2025-08-05 03:00:00,7471.4,13.92,2.81,25.3,3.05,0.67,Normal
2025-08-05 04:00:00,7491.2,14.52,2.92,25.1,3.08,0.75,Normal
2025-08-05 05:00:00,7502.6,14.69,2.82,25.5,3.12,0.82,Normal
2025-08-05 06:00:00,7528.8,14.51,2.81,25.0,3.14,0.86,Normal
2025-08-05 07:00:00,7471.3,13.41,2.78,25.7,3.09,0.74,Normal
2025-08-05 08:00:00,7523.3,13.84,2.81,25.5,3.07,0.76,Normal
2025-08-05 09:00:00,7500.2,14.08,2.79,25.1,3.17,0.71,Normal
2025-08-05 10:00:00,7480.4,14.16,2.84,25.4,3.19,0.8,Normal
2025-08-05 11:00:00,7509.2,14.51,2.85,25.3,3.15,0.72,Normal
2025-08-05 12:00:00,7504.0,14.29,2.76,25.6,3.1,0.86,Normal
2025-08-05 13:00:00,7488.0,13.53,2.73,25.9,3.06,0.62,Normal
2025-08-05 14:00:00,7501.4,14.39,2.71,24.9,3.06,0.76,Normal
2025-08-05 15:00:00,7492.3,14.51,2.83,25.5,3.13,0.83,Normal
2025-08-05 16:00:00,7502.3,14.48,2.74,25.5,3.12,0.82,Normal
2025-08-05 17:00:00,7513.2,14.74,2.69,25.7,3.17,1.07,Normal
2025-08-05 18:00:00,7531.7,14.62,2.82,25.6,3.13,0.83,Normal
2025-08-05 19:00:00,7475.2,14.43,2.92,25.3,3.02,0.7,Normal
2025-08-05 20:00:00,7542.7,14.16,2.8,25.4,3.15,0.79,Normal
2025-08-05 21:00:00,7461.0,13.37,2.84,25.3,3.05,0.62,Normal
2025-08-05 22:00:00,7497.0,14.41,2.8,25.8,3.08,0.79,Normal
2025-08-05 23:00:00,7511.8,14.3,2.8,25.5,3.11,0.72,Normal
2025-08-06 00:00:00,7505.6,14.34,2.85,26.1,3.2,0.89,Normal
2025-08-06 01:00:00,7487.5,13.56,2.79,25.5,3.26,0.75,Normal
2025-08-06 02:00:00,7495.8,13.66,2.81,25.3,3.13,0.79,Normal
2025-08-06 03:00:00,7490.1,14.73,2.82,25.0,3.09,0.74,Normal
2025-08-06 04:00:00,7488.2,14.18,2.77,25.0,3.13,0.97,Normal
2025-08-06 05:00:00,7517.0,14.54,2.85,25.0,3.14,0.77,Normal
2025-08-06 06:00:00,7507.1,14.21,2.79,25.6,3.08,0.98,Normal
2025-08-06 07:00:00,7486.1,14.21,2.76,25.7,3.19,0.88,Normal
2025-08-06 08:00:00,7518.0,14.67,2.83,25.0,3.11,0.85,Normal
2025-08-06 09:00:00,7506.1,13.94,2.76,25.8,3.12,0.84,Normal
2025-08-06 10:00:00,7516.3,14.25,2.8,25.4,3.13,0.84,Normal
2025-08-06 11:00:00,7512.6,13.97,2.8,25.5,3.12,0.61,Normal
2025-08-06 12:00:00,7483.4,13.98,2.85,26.0,3.14,0.77,Normal
2025-08-06 13:00:00,7488.8,14.05,2.82,25.8,3.07,0.88,Normal
2025-08-06 14:00:00,7514.9,14.31,2.8,25.4,3.07,0.8,Normal
2025-08-06 15:00:00,7512.2,13.96,2.84,25.2,3.04,0.66,Normal
2025-08-06 16:00:00,7499.6,14.83,2.87,24.9,3.12,0.79,Normal
2025-08-06 17:00:00,7502.3,13.75,2.83,25.3,3.14,0.97,Normal
2025-08-06 18:00:00,7525.6,14.11,2.8,25.4,3.12,0.92,Normal
2025-08-06 19:00:00,7488.2,13.98,2.73,25.2,3.18,0.79,Normal
2025-08-06 20:00:00,7510.9,14.92,2.75,25.5,3.1,0.9,Normal
2025-08-06 21:00:00,7496.0,14.3,2.78,25.5,3.13,0.76,Normal
2025-08-06 22:00:00,7495.6,14.72,2.77,25.4,3.05,0.63,Normal
2025-08-06 23:00:00,7522.0,13.46,2.79,25.3,3.08,0.71,Normal
2025-08-07 00:00:00,7516.5,14.33,2.8,25.6,3.13,0.96,Normal
2025-08-07 01:00:00,7516.3,14.64,2.83,25.6,3.14,0.77,Normal
2025-08-07 02:00:00,7526.1,14.24,2.8,25.2,3.09,0.78,Normal
2025-08-07 03:00:00,7500.4,14.73,2.82,25.9,3.1,0.77,Normal
2025-08-07 04:00:00,7513.6,13.94,2.8,25.5,3.02,0.99,Normal
2025-08-07 05:00:00,7493.8,14.9,2.7,25.5,3.08,0.96,Normal
2025-08-07 06:00:00,7506.5,15.35,2.75,25.7,3.14,1.02,Normal
2025-08-07 07:00:00,7497.4,14.02,2.79,25.6,3.13,0.78,Normal
2025-08-07 08:00:00,7501.9,13.98,2.74,25.8,3.13,0.83,Normal
2025-08-07 09:00:00,7511.9,14.93,2.83,25.6,3.1,0.65,Normal
2025-08-07 10:00:00,7483.6,14.99,2.88,25.3,3.1,0.95,Normal
2025-08-07 11:00:00,7541.8,13.94,2.86,25.6,3.07,0.68,Normal
2025-08-07 12:00:00,7479.9,13.99,2.79,25.2,3.13,0.82,Leak
2025-08-07 13:00:00,7475.7,14.06,2.87,25.5,3.12,0.69,Normal
2025-08-07 14:00:00,7523.2,13.53,2.81,25.5,3.12,0.74,Normal
2025-08-07 15:00:00,7515.8,13.74,2.78,25.4,3.07,0.72,Normal
2025-08-07 16:00:00,7512.5,13.7,2.77,25.5,2.99,0.74,Normal
2025-08-07 17:00:00,7512.6,13.82,2.78,24.9,3.15,0.75,Normal
2025-08-07 18:00:00,7499.8,14.18,2.78,25.3,3.08,0.75,Normal
2025-08-07 19:00:00,7482.1,14.32,2.81,25.5,3.06,0.88,Normal
2025-08-07 20:00:00,7501.5,14.98,2.81,25.5,3.13,0.69,Normal
2025-08-07 21:00:00,7486.5,13.7,2.8,25.2,3.08,0.82,Normal
2025-08-07 22:00:00,7519.5,14.69,2.82,25.9,3.15,0.92,Normal
2025-08-07 23:00:00,7497.1,14.09,2.86,25.2,3.13,0.75,Normal
2025-08-08 00:00:00,7483.5,14.18,2.85,25.8,3.13,0.73,Normal
2025-08-08 01:00:00,7493.6,14.54,2.73,25.6,3.03,0.78,Normal
2025-08-08 02:00:00,7508.3,13.64,2.67,25.3,3.16,0.92,Normal
2025-08-08 03:00:00,7488.7,14.39,2.85,26.0,3.11,0.82,Normal
2025-08-08 04:00:00,7483.6,14.28,2.73,25.1,3.08,0.75,Normal
2025-08-08 05:00:00,7504.9,14.45,2.79,25.8,3.11,0.85,Normal
2025-08-08 06:00:00,7504.9,14.34,2.74,25.8,3.01,0.69,Normal
2025-08-08 07:00:00,7489.9,15.43,2.71,25.3,3.12,0.87,Normal
2025-08-08 08:00:00,7490.6,13.88,2.83,25.9,3.05,0.84,Normal
2025-08-08 09:00:00,7504.6,13.93,2.84,25.4,3.03,0.77,Normal
2025-08-08 10:00:00,7471.0,13.89,2.77,25.6,3.02,0.72,Normal
2025-08-08 11:00:00,7471.9,13.92,2.67,25.6,3.16,0.71,Normal
2025-08-08 12:00:00,7485.6,13.88,2.77,25.5,3.07,0.85,Normal
2025-08-08 13:00:00,7495.7,14.79,2.82,25.7,3.18,0.92,Normal
2025-08-08 14:00:00,7506.2,14.91,2.73,25.7,3.07,0.74,Normal
2025-08-08 15:00:00,7529.5,13.91,2.81,25.0,3.01,0.85,Normal
2025-08-08 16:00:00,7517.2,13.78,2.8,25.9,3.04,0.59,Normal
2025-08-08 17:00:00,7496.8,14.44,2.83,25.0,3.16,0.74,Normal
2025-08-08 18:00:00,7499.6,13.92,2.81,25.8,3.09,0.8,Normal
2025-08-08 19:00:00,7479.9,14.52,2.75,25.8,3.07,0.71,Normal
2025-08-08 20:00:00,7499.6,14.3,2.86,25.2,3.11,0.71,Normal
2025-08-08 21:00:00,7494.2,13.44,2.79,25.4,3.13,0.73,Normal
2025-08-08 22:00:00,7506.5,14.97,2.8,25.2,3.16,0.83,Normal
2025-08-08 23:00:00,7483.5,15.1,2.75,25.4,3.17,0.78,Normal
2025-08-09 00:00:00,7510.4,13.89,2.78,25.4,3.08,0.58,Normal
2025-08-09 01:00:00,7530.7,14.01,2.76,25.7,3.03,0.59,Normal
2025-08-09 02:00:00,7497.8,14.34,2.79,25.9,3.08,0.74,Normal
2025-08-09 03:00:00,7508.0,14.37,2.89,25.9,3.11,0.85,Normal
2025-08-09 04:00:00,7513.8,14.53,2.73,25.3,3.05,0.53,Normal
2025-08-09 05:00:00,7492.0,15.21,2.72,25.4,3.05,0.75,Normal
2025-08-09 06:00:00,7504.5,14.11,2.87,25.0,3.12,0.75,Normal
2025-08-09 07:00:00,7500.3,13.8,2.79,25.3,3.1,0.94,Normal
2025-08-09 08:00:00,7502.0,13.51,2.77,25.8,3.1,0.76,Normal
2025-08-09 09:00:00,7484.5,13.83,2.85,26.0,3.06,0.84,Normal
2025-08-09 10:00:00,7500.5,14.18,2.77,25.1,3.09,0.81,Normal
2025-08-09 11:00:00,7510.0,15.1,2.89,25.3,3.05,0.59,Normal
2025-08-09 12:00:00,7529.0,13.94,2.83,25.5,3.14,0.88,Normal
2025-08-09 13:00:00,7519.2,14.31,2.78,25.6,3.15,0.82,Normal
2025-08-09 14:00:00,7543.1,14.19,2.91,25.3,3.01,0.85,Normal
2025-08-09 15:00:00,7484.7,14.79,2.77,25.6,3.05,1.19,Normal
2025-08-09 16:00:00,7517.4,15.46,2.84,25.4,3.03,0.59,Normal
2025-08-09 17:00:00,7503.7,13.93,2.81,25.5,3.07,0.97,Normal
2025-08-09 18:00:00,7543.8,13.96,2.87,25.7,3.1,0.77,Normal
2025-08-09 19:00:00,7483.8,14.72,2.88,25.5,3.03,0.83,Normal
2025-08-09 20:00:00,7483.2,14.54,2.8,25.4,3.05,0.8,Normal
2025-08-09 21:00:00,7488.0,15.12,2.76,25.5,3.05,0.76,Normal
2025-08-09 22:00:00,7457.5,14.49,2.82,25.5,3.11,0.74,Normal
2025-08-09 23:00:00,7489.5,14.02,2.77,25.4,3.1,0.83,Normal
2025-08-10 00:00:00,7484.8,14.5,2.9,25.4,3.06,0.65,Normal
2025-08-10 01:00:00,7503.0,14.75,2.81,26.0,3.11,0.88,Normal
2025-08-10 02:00:00,7506.8,14.61,2.78,25.7,3.07,0.76,Normal
2025-08-10 03:00:00,7537.5,14.45,2.81,25.4,3.09,0.69,Normal
2025-08-10 04:00:00,7519.0,14.73,2.73,25.7,3.18,0.75,Normal
2025-08-10 05:00:00,7488.5,14.78,2.75,25.4,3.17,0.93,Normal
2025-08-10 06:00:00,7482.0,14.89,2.86,25.9,3.04,0.75,Normal
2025-08-10 07:00:00,7509.8,14.52,2.77,25.6,3.14,0.84,Normal
2025-08-10 08:00:00,7473.6,14.12,2.75,25.5,3.14,0.73,Normal
2025-08-10 09:00:00,7536.6,14.27,2.83,25.6,3.04,0.88,Normal
2025-08-10 10:00:00,7523.6,14.8,2.86,25.0,3.14,0.87,Normal
2025-08-10 11:00:00,7490.6,13.79,2.84,25.2,3.18,0.98,Normal
2025-08-10 12:00:00,7465.7,14.38,2.85,25.1,3.04,0.78,Overhe
2025-08-10 13:00:00,7527.1,14.0,2.76,25.5,3.05,0.87,Normal
2025-08-10 14:00:00,7497.7,14.21,2.73,26.0,3.15,0.81,Normal
2025-08-10 15:00:00,7524.8,14.84,2.88,26.2,3.11,0.93,Normal
2025-08-10 16:00:00,7468.1,14.3,2.78,25.7,3.13,0.73,Normal
2025-08-10 17:00:00,7488.0,14.22,2.79,25.7,3.12,0.87,Normal
2025-08-10 18:00:00,7500.1,13.52,2.87,25.0,3.12,0.78,Normal
2025-08-10 19:00:00,7500.9,14.57,2.83,25.3,3.03,0.79,Normal
2025-08-10 20:00:00,7491.0,14.52,2.82,25.3,3.15,0.81,Normal
2025-08-10 21:00:00,7512.5,15.28,2.91,25.3,3.16,0.83,Normal
2025-08-10 22:00:00,7478.6,14.05,2.77,25.4,3.09,0.79,Normal
2025-08-10 23:00:00,7497.2,14.31,2.85,25.4,3.1,0.82,Normal
2025-08-11 00:00:00,7502.4,14.32,2.8,24.9,3.02,0.96,Normal
2025-08-11 01:00:00,7510.3,14.99,2.81,25.7,3.13,0.9,Normal
2025-08-11 02:00:00,7514.2,14.15,2.88,25.2,3.13,0.89,Normal
2025-08-11 03:00:00,7477.5,14.34,2.83,25.6,3.1,0.75,Normal
2025-08-11 04:00:00,7469.3,14.5,2.83,26.1,3.16,0.71,Normal
2025-08-11 05:00:00,7525.6,14.29,2.85,25.2,3.08,0.9,Normal
2025-08-11 06:00:00,7506.6,13.98,2.78,24.7,3.13,0.89,Normal
2025-08-11 07:00:00,7485.0,14.3,2.76,25.4,3.05,0.95,Normal
2025-08-11 08:00:00,7531.0,14.74,2.75,25.8,3.1,0.74,Normal
2025-08-11 09:00:00,7502.3,13.69,2.7,26.1,3.09,0.78,Normal
2025-08-11 10:00:00,7523.6,14.27,2.9,25.1,3.11,0.64,Normal
2025-08-11 11:00:00,7501.4,13.85,2.74,25.6,3.08,0.76,Normal
2025-08-11 12:00:00,7541.2,14.8,2.79,25.4,3.09,0.9,Normal
2025-08-11 13:00:00,7535.1,13.44,2.79,25.5,3.14,0.75,Normal
2025-08-11 14:00:00,7495.0,13.92,2.82,26.3,3.08,0.86,Normal
2025-08-11 15:00:00,7519.4,14.39,2.84,25.0,3.02,0.78,Normal
2025-08-11 16:00:00,7512.9,14.98,2.84,25.6,3.19,0.83,Normal
2025-08-11 17:00:00,7527.4,14.17,2.77,25.6,3.17,0.69,Normal
2025-08-11 18:00:00,7480.7,13.92,2.79,25.8,3.04,0.81,Normal
2025-08-11 19:00:00,7513.7,15.14,2.81,25.5,3.13,0.5,Normal
2025-08-11 20:00:00,7521.2,13.48,2.79,25.6,3.07,0.78,Normal
2025-08-11 21:00:00,7464.8,13.1,2.88,25.4,3.11,0.64,Normal
2025-08-11 22:00:00,7476.3,14.42,2.82,25.6,3.11,0.92,Normal
2025-08-11 23:00:00,7459.2,13.95,2.84,25.4,3.09,0.88,Normal
2025-08-12 00:00:00,7494.6,13.69,2.83,25.7,3.06,0.85,Normal
2025-08-12 01:00:00,7514.4,14.55,2.86,25.4,3.07,0.95,Normal
2025-08-12 02:00:00,7530.0,14.32,2.81,25.6,3.05,0.71,Normal
2025-08-12 03:00:00,7501.5,13.92,2.74,25.5,3.06,0.97,Normal
2025-08-12 04:00:00,7532.6,13.56,2.82,25.8,3.1,0.89,Normal
2025-08-12 05:00:00,7472.4,14.64,2.77,25.5,3.06,0.78,Normal
2025-08-12 06:00:00,7465.9,14.53,2.77,25.0,3.13,0.91,Normal
2025-08-12 07:00:00,7498.9,14.15,2.83,25.9,3.17,0.69,Normal
2025-08-12 08:00:00,7507.7,15.12,2.86,25.2,3.07,0.72,Normal
2025-08-12 09:00:00,7499.3,13.66,2.8,25.3,3.11,0.74,Normal
2025-08-12 10:00:00,7458.7,13.44,2.82,25.3,3.12,0.75,Normal
2025-08-12 11:00:00,7498.2,13.85,2.89,25.9,3.12,0.69,Normal
2025-08-12 12:00:00,7473.9,14.18,2.81,24.9,3.1,0.92,Normal
2025-08-12 13:00:00,7513.4,14.32,2.93,26.4,3.14,0.77,Normal
2025-08-12 14:00:00,7507.3,14.08,2.83,25.8,3.12,0.84,Normal
2025-08-12 15:00:00,7481.2,14.38,2.71,25.6,3.04,0.74,Normal
2025-08-12 16:00:00,7489.7,13.57,2.84,25.5,3.14,0.62,Normal
2025-08-12 17:00:00,7478.8,14.92,2.82,25.6,3.14,0.83,Normal
2025-08-12 18:00:00,7498.7,14.16,2.86,25.7,3.06,0.61,Normal
2025-08-12 19:00:00,7519.1,14.76,2.83,25.7,3.1,0.79,Normal
2025-08-12 20:00:00,7480.3,14.37,2.79,25.7,3.13,0.66,Normal
2025-08-12 21:00:00,7510.1,14.43,2.74,25.5,3.09,1.0,Normal
2025-08-12 22:00:00,7489.4,14.48,2.79,25.4,3.15,0.89,Normal
2025-08-12 23:00:00,7484.1,14.42,2.76,25.5,3.22,0.81,Normal
2025-08-13 00:00:00,7497.9,14.52,2.77,25.4,3.06,0.93,Normal
2025-08-13 01:00:00,7479.3,14.86,2.83,25.8,3.03,0.72,Normal
2025-08-13 02:00:00,7488.9,14.3,2.88,25.7,3.12,0.85,Normal
2025-08-13 03:00:00,7476.0,14.55,2.82,24.6,3.14,0.82,Normal
2025-08-13 04:00:00,7539.3,14.16,2.74,25.7,3.09,0.83,Normal
2025-08-13 05:00:00,7500.7,14.92,2.82,25.6,3.17,0.93,Normal
2025-08-13 06:00:00,7486.0,13.86,2.86,25.5,3.03,0.87,Normal
2025-08-13 07:00:00,7504.3,15.1,2.77,25.4,3.13,0.83,Normal
2025-08-13 08:00:00,7497.8,14.18,2.79,25.8,3.07,0.63,Normal
2025-08-13 09:00:00,7495.6,13.48,2.8,25.8,3.19,0.7,Normal
2025-08-13 10:00:00,7512.3,14.26,2.76,25.3,3.2,0.79,Normal
2025-08-13 11:00:00,7515.2,13.86,2.83,25.6,3.06,0.81,Normal
2025-08-13 12:00:00,7489.4,14.62,2.79,25.2,3.07,0.69,Normal
2025-08-13 13:00:00,7488.5,13.87,2.82,25.1,3.14,1.04,Normal
2025-08-13 14:00:00,7494.5,13.98,2.76,25.3,3.08,0.95,Normal
2025-08-13 15:00:00,7454.0,13.26,2.78,25.8,3.1,0.86,Normal
2025-08-13 16:00:00,7469.7,13.97,2.84,25.8,3.1,0.81,Normal
2025-08-13 17:00:00,7527.3,12.99,2.78,25.7,3.0,0.78,Normal
2025-08-13 18:00:00,7532.9,13.41,2.89,25.7,3.1,0.7,Normal
2025-08-13 19:00:00,7495.0,14.58,2.78,25.7,3.07,0.81,Normal
2025-08-13 20:00:00,7511.5,14.59,2.81,25.3,3.08,0.83,Normal
2025-08-13 21:00:00,7506.2,14.41,2.85,25.6,3.17,0.68,Normal
2025-08-13 22:00:00,7561.6,13.72,2.73,25.7,3.04,0.83,Normal
2025-08-13 23:00:00,7522.4,14.18,2.71,25.7,3.14,0.78,Normal
2025-08-14 00:00:00,7497.4,14.2,2.72,25.9,3.09,0.61,Normal
2025-08-14 01:00:00,7480.9,13.62,2.86,25.7,3.09,0.71,Normal
2025-08-14 02:00:00,7467.9,14.95,2.77,25.6,3.14,0.76,Normal
2025-08-14 03:00:00,7504.1,14.64,2.93,25.8,3.12,0.99,Normal
2025-08-14 04:00:00,7484.9,14.09,2.77,25.5,3.13,0.86,Normal
2025-08-14 05:00:00,7471.6,14.21,2.81,25.2,3.15,0.67,Normal
2025-08-14 06:00:00,7487.1,14.3,2.88,25.5,3.08,0.85,Normal
2025-08-14 07:00:00,7478.4,13.18,2.9,25.3,3.07,0.65,Normal
2025-08-14 08:00:00,7533.7,14.08,2.9,25.3,3.05,0.91,Normal
2025-08-14 09:00:00,7517.6,13.86,2.86,25.5,3.06,0.75,Normal
2025-08-14 10:00:00,7499.8,13.7,2.85,25.3,3.25,0.79,Overhe
2025-08-14 11:00:00,7529.6,14.06,2.83,25.4,3.16,0.93,Normal
2025-08-14 12:00:00,7501.5,15.1,2.84,24.9,3.03,0.67,Normal
2025-08-14 13:00:00,7482.8,14.52,2.77,25.6,3.03,0.66,Normal
2025-08-14 14:00:00,7530.5,13.91,2.76,25.5,3.12,0.74,Normal
2025-08-14 15:00:00,7510.8,14.49,2.8,25.3,3.13,0.9,Normal
2025-08-14 16:00:00,7479.3,14.9,2.79,25.7,3.13,0.65,Normal
2025-08-14 17:00:00,7496.2,14.66,2.78,25.8,3.09,0.52,Normal
2025-08-14 18:00:00,7482.5,14.23,2.83,25.0,3.09,0.75,Normal
2025-08-14 19:00:00,7472.3,13.88,2.85,25.3,3.12,0.86,Normal
2025-08-14 20:00:00,7518.5,14.55,2.8,25.3,3.1,0.92,Normal
2025-08-14 21:00:00,7538.2,14.4,2.87,25.2,2.99,0.75,Normal
2025-08-14 22:00:00,7472.0,14.65,2.74,25.7,3.09,0.76,Pressu
2025-08-14 23:00:00,7511.3,14.52,2.79,25.4,3.06,0.92,Normal
